number,fieldnumber,depth_capture_range_ft,depth_capture_avg_m,depth_avg,weight_g,SL_mm,TL_mm,sex,gonad_weight_g,guts_preserved,whole_fish_preserved,notes,gonad_index,"tissues_taken_for SIA ( S = Scale, M = Muscle, H = Heart)",depth_categorical,muscle_c,muscle_ctotal,muscle_n,muscle_ntotal,scale_c,scale_ctotal,scale_n,scale_ntotal,heart_c,heart_ctotal,heart_n,heart_ntotal,calibration
BBSS01,,,,,,,,,,,,,,,,-21.2,187.96,11.29,49.72,,,,,,,,,standard
BBSS02,,,,,,,,,,,,,,,,-21.21,187.51,11.18,49.75,,,,,,,,,standard
BBSS03,,,,,,,,,,,,,,,,-21.2,187.93,11.24,49.73,,,,,,,,,standard
BBSS04,,,,,,,,,,,,,,,,-21.16,188.63,11.23,50.29,,,,,,,,,standard
BBSS05,,,,,,,,,,,,,,,,-21.16,190.3,11.26,50.81,,,,,,,,,standard
BBSS06,,,,,,,,,,,,,,,,-21.26,179.41,11.24,47.64,,,,,,,,,standard
BBSS07,,,,,,,,,,,,,,,,-21.29,165.8,11.29,43.74,,,,,,,,,standard
BBSS08,,,,,,,,,,,,,,,,-21.18,188,11.28,49.95,,,,,,,,,standard
BBSS09,,,,,,,,,,,,,,,,-21.27,171.06,11.28,45.11,,,,,,,,,standard
BBSS10,,,,,,,,,,,,,,,,-21.25,191.49,11.24,50.78,,,,,,,,,standard
BBSS11,,,,,,,,,,,,,,,,-21.17,190.38,11.19,51,,,,,,,,,standard
BBSS12,,,,,,,,,,,,,,,,-21.19,189.49,11.21,50.66,,,,,,,,,standard
BBSS13,,,,,,,,,,,,,,,,-21.16,190.59,11.28,50.82,,,,,,,,,standard
BBSS14,,,,,,,,,,,,,,,,-21.08,180.18,11.2,48.27,,,,,,,,,standard
BBSS15,,,,,,,,,,,,,,,,-21.21,179.48,11.24,47.33,,,,,,,,,standard
BBSS16,,,,,,,,,,,,,,,,-21.23,187.19,11.28,49.39,,,,,,,,,standard
BBSS17,,,,,,,,,,,,,,,,-21.15,197.02,11.33,52.25,,,,,,,,,standard
BBSS19,,,,,,,,,,,,,,,,-21.2,189.7,11.22,49.72,,,,,,,,,standard
BBSS20,,,,,,,,,,,,,,,,-21.12,197.58,11.33,51.79,,,,,,,,,standard
BBSS21,,,,,,,,,,,,,,,,-21.24,187.88,11.32,49.07,,,,,,,,,standard
BBSS22,,,,,,,,,,,,,,,,-21.11,195.11,11.28,50.87,,,,,,,,,standard
BBSS23,,,,,,,,,,,,,,,,-21.2,195,11.32,51.01,,,,,,,,,standard
BBSS24,,,,,,,,,,,,,,,,-21.15,183.4,11.34,48.75,,,,,,,,,standard
BBSS25,,,,,,,,,,,,,,,,-21.11,187.32,11.34,49.25,,,,,,,,,standard
BBSS26,,,,,,,,,,,,,,,,-21.04,168.09,11.31,44.1,,,,,,,,,standard
BBSS27,,,,,,,,,,,,,,,,-21.09,194.7,11.23,51.31,,,,,,,,,standard
BBSS28,,,,,,,,,,,,,,,,-21.13,190.57,11.38,49.84,,,,,,,,,standard
BBSS29,,,,,,,,,,,,,,,,-21.22,143.63,11.34,37.12,,,,,,,,,standard
CUR_LION19001,CURSH19-04,50 - 70 ft,15.24,50,159,170,,M,Not Recorded,YES,YES,,,,shallow,,,,,,,,,,,,,
CUR_LION19002,CURSH19-04,50 - 70 ft,18.288,60,175,176,,F,11,YES,YES,,Actively spawning,"S, M, H",shallow,-17.46,184.93,8.95,58.92,-14.99,116.42,9.1,40.75,-17.92,175.49,8.66,47.04,duplicate
CUR_LION19002,CURSH19-04,50 - 70 ft,18.288,60,175,176,,F,11,YES,YES,,Actively spawning,"S, M, H",shallow,-17.45,181.64,9,57.81,,,,,,,,,duplicate
CUR_LION19002,CURSH19-04,50 - 70 ft,18.288,60,175,176,,F,11,YES,YES,,Actively spawning,"S, M, H",shallow,-17.455,183.285,8.975,58.365,-14.99,116.42,9.1,40.75,-17.92,175.49,8.66,47.04,average
CUR_LION19003,CURSH19-04,50 - 70 ft,18.288,60,197,185,,F,5,YES,YES,,Spawning Capable,"S, M, H",shallow,-16.27,190.58,8.96,60.13,-13.79,113.43,9.57,40.11,-16.8,190.81,8.6,51.9,single
CUR_LION19004,CURASUB19-02,,106.68,350,880,360,470,F,6,YES,YES,,Early Developing,"S, M, H",deep,-17.07,187.53,10.67,59.1,-13.93,114.03,8.89,39.04,-17.19,180.91,10.84,44.72,single
CUR_LION19005,CURSH19-06,70 ft,21.336,70,337,215,290,M,Not Recorded,YES,YES,,Spawning capable,"S, M, H",shallow,-17.01,186.53,8.83,54.29,-14.18,116.69,8.55,41.05,-17.11,189.61,8.39,50.28,single
CUR_LION19006,CURSH19-07,45 - 90 ft,18.288,60,488,235,320,M,Not Recorded,YES,YES,,Spawning Capable,"S, M, H",shallow,-18.83,214.47,8.78,47.8,-14.31,125.89,8.47,43.65,-17.01,181.55,8.36,48.33,single
CUR_LION19007,CURSH19-07,45 - 90 ft,18.288,60,237,200,265,F,22,YES,YES,,Actively spawning,"S, M, H",shallow,-18.08,201.55,9.22,49.78,-14.15,113.55,9.12,38.87,-16.67,184.38,8.2,51.59,single
CUR_LION19008,CURSH19-07,45 - 90 ft,18.288,60,197,190,260,M,Not Recorded,YES,YES,Gonads not in bag,?,"S, M, H",shallow,-16.43,185.48,8.8,57.83,-13.89,114.39,8.52,39.59,-17.06,182.22,8.55,49.59,single
CUR_LION19009,CURASUB19-03,,106.68,350,179,195,245,F,8,YES,YES,,Spawning capable,"S, M, H",deep,-16.05,187.16,9.16,58.95,-13.44,122.2,9.03,40.99,-17.11,179.29,9.22,47.21,duplicate
CUR_LION19009,CURASUB19-03,,106.68,350,179,195,245,F,8,YES,YES,,Spawning capable,"S, M, H",deep,-16,181.11,9.11,56.61,,,,,,,,,duplicate
CUR_LION19009,CURASUB19-03,,106.68,350,179,195,245,F,8,YES,YES,,Spawning capable,"S, M, H",deep,-16.025,184.135,9.135,57.78,-13.44,122.2,9.03,40.99,-17.11,179.29,9.22,47.21,average
CUR_LION19010,CURSH19-08,200 ft,60.96,200,581,255,340,M,Not Recorded,YES,YES,Gonads not in bag,?,"S, M, H",deep,-17.06,187.42,9.13,59.42,-14.54,116.23,8.64,40.11,-17.46,178.06,8.81,48.52,duplicate
CUR_LION19010,CURSH19-08,200 ft,60.96,200,581,255,340,M,Not Recorded,YES,YES,Gonads not in bag,?,"S, M, H",deep,-17.1,184.5,9.12,58.56,,,,,,,,,duplicate
CUR_LION19010,CURSH19-08,200 ft,60.96,200,581,255,340,M,Not Recorded,YES,YES,Gonads not in bag,?,"S, M, H",deep,-17.08,185.96,9.125,58.99,-14.54,116.23,8.64,40.11,-17.46,178.06,8.81,48.52,average
CUR_LION19011,CURSH19-08,200 ft,60.96,200,236,183,245,M,Not Recorded,YES,YES,,immature (virgin),"S, M, H",deep,-12.14,187.39,11.63,59.09,-9.6,122.31,11.73,42.14,-13.46,186.06,10.83,48.66,single
CUR_LION19012,CURSH19-08,17 ft,5.1816,17,147,166,225,F,9,YES,YES,,Actively Spawning,"S, M, H",shallow,-17.4,183.81,8.99,57.14,-15.21,117.16,8.94,40.77,-17.92,182.31,8.62,49.36,duplicate
CUR_LION19012,CURSH19-08,17 ft,5.1816,17,147,166,225,F,9,YES,YES,,Actively Spawning,"S, M, H",shallow,,,,,-15.14,113.78,8.82,39.43,,,,,duplicate
CUR_LION19012,CURSH19-08,17 ft,5.1816,17,147,166,225,F,9,YES,YES,,Actively Spawning,"S, M, H",shallow,-17.4,183.81,8.99,57.14,-15.175,115.47,8.88,40.1,-17.92,182.31,8.62,49.36,average
CUR_LION19013,CURSH19-08,17 ft,5.1816,17,101,145,193,M,Not Recorded,YES,YES,,Spawning Capable,"S, M, H",shallow,-16.23,185.09,9.26,57.84,-14.14,126.93,8.82,44.15,-17.04,179.71,8.57,46.52,duplicate
CUR_LION19013,CURSH19-08,17 ft,5.1816,17,101,145,193,M,Not Recorded,YES,YES,,Spawning Capable,"S, M, H",shallow,-16.28,176.89,9.28,55.2,,,,,,,,,duplicate
CUR_LION19013,CURSH19-08,17 ft,5.1816,17,101,145,193,M,Not Recorded,YES,YES,,Spawning Capable,"S, M, H",shallow,-16.255,180.99,9.27,56.52,-14.14,126.93,8.82,44.15,-17.04,179.71,8.57,46.52,average
CUR_LION19014,CURSH19-08,120 ft,36.576,120,23,90,133,M,Not Recorded,YES,YES,scales taken from multiple spots on the body in order to get enough scales for the isotope sample due to the small size of the individual,immature (virgin),"*S, M, H",shallow,-17.17,183.64,9.13,57.23,-15.38,124.28,8.71,42.05,-18.39,115.29,8.34,28.45,single
CUR_LION19015,CURSH19-08,120 ft,36.576,120,13,79,107,M,Not Recorded,YES,YES,scales taken from multiple spots on the body in order to get enough scales for the isotope sample due to the small size of the individual,immature (virgin),"*S, M, H",shallow,-17.39,177.22,8.69,55.07,-15.45,132.31,8.57,43.34,-18.72,48.32,7.82,10.57,single
CUR_LION19016,CURSH19-09,40 - 80 ft,12.192,40,259,196,258,M,Not Recorded,YES,YES,,Immature(virgin),"S, M, H",shallow,-17.05,194.08,8.84,56.45,-14.09,115.95,8.57,39.47,-17.26,180.07,9.02,47.29,single
CUR_LION19017,CURSH19-09,40 - 80 ft,15.24,50,181,183,247,M,Not Recorded,YES,YES,,Spawning capable,"S, M, H",shallow,-16.7,193.37,8.57,61.36,-14.29,110.28,8.36,37.74,-17.27,175.02,8.3,45.89,duplicate
CUR_LION19017,CURSH19-09,40 - 80 ft,15.24,50,181,183,247,M,Not Recorded,YES,YES,,Spawning capable,"S, M, H",shallow,-16.68,191.65,8.58,60.84,,,,,,,,,duplicate
CUR_LION19017,CURSH19-09,40 - 80 ft,15.24,50,181,183,247,M,Not Recorded,YES,YES,,Spawning capable,"S, M, H",shallow,-16.69,192.51,8.575,61.1,-14.29,110.28,8.36,37.74,-17.27,175.02,8.3,45.89,average
CUR_LION19018,CURSH19-09,40 - 80 ft,18.288,60,246,191,254,M,Not Recorded,YES,YES,,Spawning Capable,"S, M, H",shallow,-16.26,189.84,9.07,59.07,-13.97,122.79,8.88,42.76,-17.09,183.49,8.92,47.4,single
CUR_LION19019,CURSH19-09,40 - 80 ft,21.336,70,310,208,274,M,Not Recorded,YES,YES,,Spawning capable,"S, M, H",shallow,-16.16,190.2,9.56,57.58,-14.23,121.37,8.86,41,-16.74,180.34,9.06,47.75,single
CUR_LION19020,CURSH19-09,40 - 80 ft,24.384,80,535,252,329,M,Not Recorded,YES,YES,"Could not locate testes in the bag, but given the size of the individual, it was most likely spawning capable",*Spawning capable?,"S, M, H",shallow,-16.8,187.24,8.91,59.37,-14.38,123.31,8.84,42.56,-17.54,186.72,9.45,50.24,single
CUR_LION19021,CURSH19-10,30 - 65 ft,9.144,30,390,230,295,F,34,YES,YES,entire heart unable to be collected. Entire Bulbous arteriosus collected and part of the atrium/ventricle.,Actively Spawning,"S, M, *H",shallow,-19.45,203.33,9.03,38.32,-14,111.9,8.79,38.5,-16.36,186,7.73,52.85,single
CUR_LION19022,CURSH19-10,30 - 65 ft,13.716,45,178,183,240,M,Not Recorded,YES,YES,,Immature (virgin),"S, M, H",shallow,-16.52,189.9,8.72,60.26,-14.41,124.67,8.59,41.29,-17.17,178.74,8.41,48.71,single
CUR_LION19023,CURSH19-10,30 - 65 ft,19.812,65,183,180,230,F,10,YES,YES,,Actively Spawning,"S, M, H",shallow,-16.16,184.68,9.07,57.56,-13.92,113.56,9.01,39.07,-16.97,178.9,8.57,47.81,duplicate
CUR_LION19023,CURSH19-10,30 - 65 ft,19.812,65,183,180,230,F,10,YES,YES,,Actively Spawning,"S, M, H",shallow,-16.17,195.66,9.09,60.83,,,,,,,,,duplicate
CUR_LION19023,CURSH19-10,30 - 65 ft,19.812,65,183,180,230,F,10,YES,YES,,Actively Spawning,"S, M, H",shallow,-16.165,190.17,9.08,59.195,-13.92,113.56,9.01,39.07,-16.97,178.9,8.57,47.81,average
CUR_LION19024,CURASUB19-04,224 ft,68.2752,224,116,160,215,M,Not Recorded,YES,YES,,immature (virgin),"S, M, H",deep,-17.75,179.95,9.2,57.1,-15.78,123.4,9.21,42.39,-18.05,172.13,8.67,45.92,duplicate
CUR_LION19024,CURASUB19-04,224 ft,68.2752,224,116,160,215,M,Not Recorded,YES,YES,,immature (virgin),"S, M, H",deep,-17.79,130.41,9.21,41.14,,,,,,,,,duplicate
CUR_LION19024,CURASUB19-04,224 ft,68.2752,224,116,160,215,M,Not Recorded,YES,YES,,immature (virgin),"S, M, H",deep,-17.77,155.18,9.205,49.12,-15.78,123.4,9.21,42.39,-18.05,172.13,8.67,45.92,average
CUR_LION19025,CURASUB19-04,290 ft,88.392,290,714,305,395,M,Not Recorded,YES,YES,,Spawning capable,"S, M, H",deep,-17.11,185.8,9.89,59.23,-14.81,110.89,8.62,37.32,-17.77,178.4,9.97,47.89,single
CUR_LION19026,CURASUB19-04,290 ft,88.392,290,216,205,265,F,7,YES,YES,,Spawning capable,"S, M, H",deep,-17.39,182.85,9.55,57.74,-15.02,112.62,9.01,37.34,-17.28,187.98,8.25,53.82,single
CUR_LION19027,CURASUB19-04,290 ft,88.392,290,467,275,375,M,Not Recorded,YES,YES,Gonads not in bag,?,"S, M, H",deep,-17.63,171.69,9.53,55.92,-14.65,109.42,8.48,38.12,-17.91,184.48,9.72,48.64,duplicate
CUR_LION19027,CURASUB19-04,290 ft,88.392,290,467,275,375,M,Not Recorded,YES,YES,Gonads not in bag,?,"S, M, H",deep,-17.56,186.85,9.57,60.88,,,,,,,,,duplicate
CUR_LION19027,CURASUB19-04,290 ft,88.392,290,467,275,375,M,Not Recorded,YES,YES,Gonads not in bag,?,"S, M, H",deep,-17.595,179.27,9.55,58.4,-14.65,109.42,8.48,38.12,-17.91,184.48,9.72,48.64,average
CUR_LION19028,CURASUB19-04,350 ft,106.68,350,670,300,390,M,Not Recorded,YES,YES,,Spawning capable,"S, M, H",deep,-17.77,187.34,10.7,53.01,-14.11,118.87,9.41,41.21,-17.42,186.36,9.88,49.09,duplicate
CUR_LION19028,CURASUB19-04,350 ft,106.68,350,670,300,390,M,Not Recorded,YES,YES,,Spawning capable,"S, M, H",deep,,,,,-14.03,113.57,9.51,38.99,,,,,duplicate
CUR_LION19028,CURASUB19-04,350 ft,106.68,350,670,300,390,M,Not Recorded,YES,YES,,Spawning capable,"S, M, H",deep,-17.77,187.34,10.7,53.01,-14.07,116.22,9.46,40.1,-17.42,186.36,9.88,49.09,average
CUR_LION19029,CURASUB19-04,390 ft,118.872,390,664,305,405,M,Not Recorded,YES,YES,,Spawning Capable,"S, M, H",deep,-17.69,172.55,10.66,53.81,-14.98,105.59,8.73,36.8,-17.68,173.64,10.49,45.05,duplicate
CUR_LION19029,CURASUB19-04,390 ft,118.872,390,664,305,405,M,Not Recorded,YES,YES,,Spawning Capable,"S, M, H",deep,,,,,,,,,-17.65,178.83,10.44,46.83,duplicate
CUR_LION19029,CURASUB19-04,390 ft,118.872,390,664,305,405,M,Not Recorded,YES,YES,,Spawning Capable,"S, M, H",deep,-17.69,172.55,10.66,53.81,-14.98,105.59,8.73,36.8,-17.665,176.235,10.465,45.94,average
CUR_LION19030,CURASUB19-04,370 ft,112.776,370,275,212,270,M,Not Recorded,YES,YES,Gonads not in bag,?,"S, M, H",deep,-17.01,180.13,9.96,56.52,-14.82,110.31,9.53,37.37,-17.97,185.43,10.24,48.32,duplicate
CUR_LION19030,CURASUB19-04,370 ft,112.776,370,275,212,270,M,Not Recorded,YES,YES,Gonads not in bag,?,"S, M, H",deep,-17.06,179.87,9.99,56.92,,,,,,,,,duplicate
CUR_LION19030,CURASUB19-04,370 ft,112.776,370,275,212,270,M,Not Recorded,YES,YES,Gonads not in bag,?,"S, M, H",deep,-17.035,180,9.975,56.72,-14.82,110.31,9.53,37.37,-17.97,185.43,10.24,48.32,average
CUR_LION19031,CURASUB19-04,390 ft,118.872,390,248,204,268,F,9,YES,YES,,Spawning Capable,"S, M, H",deep,-16.96,185.04,9.95,54.75,-14.42,106.6,9.06,36.23,-17.9,185.79,9.93,47.96,single
CUR_LION19032,CURASUB19-05,340 ft,103.632,340,320,218,290,F,32,YES,YES,,Actively Spawning,"S, M, H",deep,-17.21,178.7,10.31,57.43,-14.61,115.62,9.45,39.09,-18.06,192.31,10.61,48.7,duplicate
CUR_LION19032,CURASUB19-05,340 ft,103.632,340,320,218,290,F,32,YES,YES,,Actively Spawning,"S, M, H",deep,-17.16,170.97,10.26,54.78,,,,,,,,,duplicate
CUR_LION19032,CURASUB19-05,340 ft,103.632,340,320,218,290,F,32,YES,YES,,Actively Spawning,"S, M, H",deep,-17.185,174.835,10.285,56.105,-14.61,115.62,9.45,39.09,-18.06,192.31,10.61,48.7,average
CUR_LION19033,CURASUB19-05,330 ft,100.584,330,700,300,410,M,<1,YES,YES,,Spawning capable,"S, M, H",deep,-17.47,184.05,9.97,58.95,-15.03,113.03,8.55,38.25,-18.06,175.2,9.67,44.87,single
CUR_LION19034,CURASUB19-05,300 ft,91.44,300,196,190,255,F,5,YES,YES,,Spawning capable,"S, M, H",deep,-18.02,181.67,9.13,55.53,-15.27,114.76,8.96,38.77,-18.63,189.36,8.86,50.16,duplicate
CUR_LION19034,CURASUB19-05,300 ft,91.44,300,196,190,255,F,5,YES,YES,,Spawning capable,"S, M, H",deep,-17.97,178.14,9.12,54.45,,,,,,,,,duplicate
CUR_LION19034,CURASUB19-05,300 ft,91.44,300,196,190,255,F,5,YES,YES,,Spawning capable,"S, M, H",deep,-17.995,179.905,9.125,54.99,-15.27,114.76,8.96,38.77,-18.63,189.36,8.86,50.16,average
CUR_LION19035,CURSH19-12,55-65 ft,18.288,60,745,275,360,M,<1,YES,YES,,Spawning Capable,"S, M, H",shallow,-16.18,182.57,9.49,56.82,-13.68,113.52,8.59,39.27,-16.88,193.54,9.14,50.74,single
CUR_LION19036,CURASUB19-05,440,134.112,440,562,265,345,F,11,YES,YES,,Developing,"S, M, H",deep,-17.11,181.62,10.78,58.16,-14.02,118,9.65,41.37,-17.88,177.44,10.99,45.2,single
CUR_LION19037,CURSH19-11,50-70,15.24,50,22,92,125,immature,<1,YES,YES,scales taken from multiple spots on the body in order to get enough scales for the isotope sample due to the small size of the individual,immature,"*S, M, H",shallow,-16.24,182.97,8.31,56.7,-14.35,122.09,7.94,41.13,-17.16,186.18,7.26,47.83,single
CUR_LION19038,CURASUB19-06,338,103.0224,338,1007,330,430,M,<1,YES,YES,,Spawning capable,"S, M, H",deep,-16.74,182.76,11.01,58.83,-13.74,106.52,9.7,37.16,-16.81,163.56,11.2,42.19,duplicate
CUR_LION19038,CURASUB19-06,338,103.0224,338,1007,330,430,M,<1,YES,YES,,Spawning capable,"S, M, H",deep,,,,,,,,,-16.77,177.38,11.24,45.9,duplicate
CUR_LION19038,CURASUB19-06,338,103.0224,338,1007,330,430,M,<1,YES,YES,,Spawning capable,"S, M, H",deep,-16.74,182.76,11.01,58.83,-13.74,106.52,9.7,37.16,-16.79,170.47,11.22,44.045,average
CUR_LION19039,CURASUB19-06,484,147.5232,484,1033,345,440,M,2,YES,YES,,Spawning capable,"S, M, H",deep,-17.26,179.19,11.12,55.96,-14.17,114.86,9.85,39.19,-17.42,173.34,10.98,45.09,duplicate
CUR_LION19039,CURASUB19-06,484,147.5232,484,1033,345,440,M,2,YES,YES,,Spawning capable,"S, M, H",deep,-17.19,188.19,11.2,58.82,,,,,,,,,duplicate
CUR_LION19039,CURASUB19-06,484,147.5232,484,1033,345,440,M,2,YES,YES,,Spawning capable,"S, M, H",deep,-17.225,183.69,11.16,57.39,-14.17,114.86,9.85,39.19,-17.42,173.34,10.98,45.09,average
CUR_LION19040,CURASUB19-06,470,143.256,470,268,210,280,F,7,YES,YES,,Spawning capable,"S, M, H",deep,-17.33,182.81,11.11,57.94,-14.26,117.2,10.43,39.87,-17.68,183.5,10.49,47.47,single
CUR_LION19041,CURASUB19-06,445,135.636,445,168,190,250,F,4,YES,YES,,Spawning capable,"S, M, H",deep,-16.81,179.37,10.26,56.34,-13.87,116.62,9.48,40.23,-18.26,188.36,9.89,44.49,single
CUR_LION19042,CURASUB19-06,420,128.016,420,240,200,270,F,6,YES,YES,,Spawning Capable,"S, M, H",deep,-16.43,184.4,9.89,59.12,-13.66,117.8,9.37,40.69,-17.49,174.86,10.63,44.65,duplicate
CUR_LION19042,CURASUB19-06,420,128.016,420,240,200,270,F,6,YES,YES,,Spawning Capable,"S, M, H",deep,,,,,-13.64,119.68,9.41,41.24,-17.69,181.26,10.75,45.35,duplicate
CUR_LION19042,CURASUB19-06,420,128.016,420,240,200,270,F,6,YES,YES,,Spawning Capable,"S, M, H",deep,-16.43,184.4,9.89,59.12,-13.65,118.74,9.39,40.965,-17.59,178.06,10.69,45,average
CUR_LION19043,CURASUB19-06,426,129.8448,426,266,200,285,F,2,YES,YES,,Developing,"S, M, H",deep,-16.57,187.12,8.72,59.01,-14.26,117.16,8.65,39.87,-17.06,182.79,9.31,47.19,duplicate
CUR_LION19043,CURASUB19-06,426,129.8448,426,266,200,285,F,2,YES,YES,,Developing,"S, M, H",deep,-16.59,185.97,8.69,58.43,,,,,-17.13,184.81,9.3,47.52,duplicate
CUR_LION19043,CURASUB19-06,426,129.8448,426,266,200,285,F,2,YES,YES,,Developing,"S, M, H",deep,-16.58,186.545,8.705,58.72,-14.26,117.16,8.65,39.87,-17.095,183.8,9.305,47.355,average
CUR_LION19044,CURASUB19-06,423,128.9304,423,366,265,330,F,6,YES,YES,,Spawning Capable,"S, M, H",deep,-17.19,186.74,11.13,57.35,-13.99,122.9,10.04,41.87,-17.14,178.56,10.67,49.67,single
CUR_LION19045,CURASUB19-06,443,135.0264,443,376,240,310,M,<1,YES,YES,,Spawning capable,"S, M, H",deep,-18.37,189.7,10.39,53.81,-14.92,116.44,9.49,39.99,-18.5,178.11,10.14,44.46,duplicate
CUR_LION19045,CURASUB19-06,443,135.0264,443,376,240,310,M,<1,YES,YES,,Spawning capable,"S, M, H",deep,,,,,-15.03,111.79,9.45,38.14,,,,,duplicate
CUR_LION19045,CURASUB19-06,443,135.0264,443,376,240,310,M,<1,YES,YES,,Spawning capable,"S, M, H",deep,-18.37,189.7,10.39,53.81,-14.975,114.115,9.47,39.065,-18.5,178.11,10.14,44.46,average
CUR_LION19046,CURASUB19-06,425,7.62,25,740,315,395,M,<1,YES,YES,,Spawning Capable,"S, M, H",shallow,-16.96,198.21,11.05,63.7,-14.01,79.31,9.38,26.45,-17.22,178.42,10.94,48.42,single
CUR_LION19047,CURSH19-13,65,16.4592,54,160,155,220,M,<1,YES,YES,immature,Immature (virgin),"S, M, H",shallow,-16.36,183.62,8.56,57.91,-13.87,118.62,8.46,41.12,-16.82,185.35,7.93,49.57,single
CUR_LION19048,CURSH19-13,60,18.288,60,63,125,175,F,<1,YES,YES,,Early Developing ,"S, M, H",shallow,-16.61,184.48,8.78,58.14,-14.25,112.34,8.82,38.82,-17.39,189.36,8.3,47.46,duplicate
CUR_LION19048,CURSH19-13,60,18.288,60,63,125,175,F,<1,YES,YES,,Early Developing ,"S, M, H",shallow,-16.63,179.35,8.8,56.6,,,,,,,,,duplicate
CUR_LION19048,CURSH19-13,60,18.288,60,63,125,175,F,<1,YES,YES,,Early Developing ,"S, M, H",shallow,-16.62,181.915,8.79,57.37,-14.25,112.34,8.82,38.82,-17.39,189.36,8.3,47.46,average
CUR_LION19049,CURSH19-14,47-60,13.716,45,137,155,220,F,<1,YES,YES,immature,Immature/early developing,"S, M, H",shallow,-15.96,187.4,8.61,59.51,-13.57,123.41,8.49,43.78,-16.57,187.09,7.77,49.69,single
CUR_LION19050,CURSH19-14,47-60,16.764,55,118,150,195,F,<1,YES,YES,,Early developing,"S, M, H",shallow,-16.23,186.36,8.72,57.27,-14,124.79,8.25,42.23,-16.99,184.29,8.32,46.47,single
CUR_LION19051,CURSH19-14,47-60,18.288,60,149,160,225,?,<1,YES,YES,,immature (virgin),"S, M, H",shallow,-16.37,183.45,8.65,56.81,-13.8,121.9,8.35,41.94,-16.94,185.77,8.06,48.78,single
CUR_LION19052,CURASUB19-07,314,95.7072,314,640,312,415,M,<1,YES,YES,"very thin, check age.  Little muscle mass, testes were very small, dark brown",Spawning capable,"S,M,H",deep,-16.99,189.81,10.2,61.67,-14.19,110.95,9.04,39.08,-16.85,182.44,11.12,48.49,duplicate
CUR_LION19052,CURASUB19-07,314,95.7072,314,640,312,415,M,<1,YES,YES,"very thin, check age.  Little muscle mass, testes were very small, dark brown",Spawning capable,"S,M,H",deep,,,,,,,,,-16.72,173.61,11.02,46.76,duplicate
CUR_LION19052,CURASUB19-07,314,95.7072,314,640,312,415,M,<1,YES,YES,"very thin, check age.  Little muscle mass, testes were very small, dark brown",Spawning capable,"S,M,H",deep,-16.99,189.81,10.2,61.67,-14.19,110.95,9.04,39.08,-16.785,178.025,11.07,47.625,average
CUR_LION19053,CURASUB19-07,415,126.492,415,361,245,320,F,5,YES,YES,,Actively Spawning,"S, M, H",deep,-16.94,178.09,10.59,56.25,-14.04,111.34,9.56,38.61,-17.43,186.28,10.15,52.45,duplicate
CUR_LION19053,CURASUB19-07,415,126.492,415,361,245,320,F,5,YES,YES,,Actively Spawning,"S, M, H",deep,-16.94,184.25,10.61,58.04,,,,,-17.47,178.6,10.22,50.06,duplicate
CUR_LION19053,CURASUB19-07,415,126.492,415,361,245,320,F,5,YES,YES,,Actively Spawning,"S, M, H",deep,-16.94,181.17,10.6,57.145,-14.04,111.34,9.56,38.61,-17.45,182.44,10.185,51.255,average
CUR_LION19054,CURASUB19-07,361,110.0328,361,334,220,300,F,4,YES,YES,,Developing,"S, M, H",deep,-17.15,183.93,10.86,56.77,-14.32,116.5,8.86,39.52,-17.61,175.09,11.18,45.19,single
CUR_LION19055,CURASUB19-07,387,117.9576,387,339,235,310,F,31,YES,YES,,Actively Spawning,"S, M, H",deep,-17.33,187.6,9.88,60.01,-14.54,110.04,9.59,38.08,-18.55,180.58,10.31,45.34,duplicate
CUR_LION19055,CURASUB19-07,387,117.9576,387,339,235,310,F,31,YES,YES,,Actively Spawning,"S, M, H",deep,-17.44,176.84,10.07,55.94,,,,,,,,,duplicate
CUR_LION19055,CURASUB19-07,387,117.9576,387,339,235,310,F,31,YES,YES,,Actively Spawning,"S, M, H",deep,-17.385,182.22,9.975,57.975,-14.54,110.04,9.59,38.08,-18.55,180.58,10.31,45.34,average
CUR_LION19056,CURASUB19-07,415,126.492,415,396,235,330,F,8,YES,YES,,Spawning Capable,"S, M, H",deep,-17.1,180.99,11.47,56.42,-14.2,109.6,9.61,38.15,-16.95,180.8,10.35,48.74,single
CUR_LION19057,CURASUB19-07,305,92.964,305,183,195,250,F,1,YES,YES,,developing,"S, M, H",deep,-17.17,195.02,9.41,58.26,-14.29,121.72,8.82,41.59,-18.07,188.3,9.41,48.43,single
CUR_LION19058,CURASUB19-07,365,111.252,365,374,240,315,F,10,YES,YES,,Spawning Capable,"S, M, H",deep,-17.39,194.23,10.37,60.64,-14.9,107.12,9.75,36.91,-20.81,206,8.37,26.98,duplicate
CUR_LION19058,CURASUB19-07,365,111.252,365,374,240,315,F,10,YES,YES,,Spawning Capable,"S, M, H",deep,-17.36,188.69,10.35,58.99,,,,,,,,,duplicate
CUR_LION19058,CURASUB19-07,365,111.252,365,374,240,315,F,10,YES,YES,,Spawning Capable,"S, M, H",deep,-17.375,191.46,10.36,59.815,-14.9,107.12,9.75,36.91,-20.81,206,8.37,26.98,average
CUR_LION19059,CURASUB19-07,360,109.728,360,676,295,385,M,<1,YES,YES,"*no heart INITIALLY found -- coagulated blood taken from heart region instead. rethawed on 0827 and found heart. stored in separate vials, next to each other in the box. ",Spawning capable,"S, M, H*",deep,-17.54,184.11,9.91,57.78,-14.96,109.5,8.57,38.49,-17.92,184.88,9.22,49.36,single
CUR_LION19060,CURASUB19-07,373,113.6904,373,236,299,270,F,6,YES,YES,,Spawning Capable,"S, M, H",deep,-17.4,187.57,10.16,59.03,-14.18,109.48,9.44,38.23,-18.04,182.83,9.79,47.32,duplicate
CUR_LION19060,CURASUB19-07,373,113.6904,373,236,299,270,F,6,YES,YES,,Spawning Capable,"S, M, H",deep,-17.37,194.77,10.12,61.61,,,,,,,,,duplicate
CUR_LION19060,CURASUB19-07,373,113.6904,373,236,299,270,F,6,YES,YES,,Spawning Capable,"S, M, H",deep,-17.385,191.17,10.14,60.32,-14.18,109.48,9.44,38.23,-18.04,182.83,9.79,47.32,average
CUR_LION19061,CURASUB19-07,314,95.7072,314,202,190,252,F,19,YES,YES,,Actively Spawning,"S,M,H",deep,-17.32,187.95,9.41,58.58,-14.92,111.4,9.22,37.61,-18.38,189.72,9.71,49.25,single
CUR_LION19062,CURASUB19-07,275,83.82,275,205,197,270,F,6,YES,YES,,Spawning capable,"S, M, H",deep,-17.21,166.78,9.01,52.6,-14.8,120.64,8.68,41.79,-19.8,189.69,11.22,42.94,duplicate
CUR_LION19062,CURASUB19-07,275,83.82,275,205,197,270,F,6,YES,YES,,Spawning capable,"S, M, H",deep,-17.23,181.33,8.95,57.59,,,,,,,,,duplicate
CUR_LION19062,CURASUB19-07,275,83.82,275,205,197,270,F,6,YES,YES,,Spawning capable,"S, M, H",deep,-17.22,174.055,8.98,55.095,-14.8,120.64,8.68,41.79,-19.8,189.69,11.22,42.94,average
CUR_LION19063,CURSH19-15,30,9.144,30,59,125,170,F?,<1,YES,YES,immature,,,shallow,,,,,,,,,,,,,
CUR_LION19064,CURSH19-15,50-73,18.288,60,132,160,210,F,<1,YES,YES,immature,Early Developing ,"S, M, H",shallow,-16.09,184.38,8.99,56.98,-13.88,121.45,8.56,40.57,-16.53,187.09,8.36,48.86,duplicate
CUR_LION19064,CURSH19-15,50-73,18.288,60,132,160,210,F,<1,YES,YES,immature,Early Developing ,"S, M, H",shallow,,,,,,,,,-16.59,190.74,8.23,49.85,duplicate
CUR_LION19064,CURSH19-15,50-73,18.288,60,132,160,210,F,<1,YES,YES,immature,Early Developing ,"S, M, H",shallow,-16.09,184.38,8.99,56.98,-13.88,121.45,8.56,40.57,-16.56,188.915,8.295,49.355,average
CUR_LION19065,CURSH19-15,50-73,15.24,50,211,185,235,F,<1,YES,YES,immature,Early developing,"S, M, H",shallow,-16.3,194.58,8.6,57.7,-13.85,126.14,8.49,43.39,-16.88,189.49,8.63,47.66,duplicate
CUR_LION19065,CURSH19-15,50-73,15.24,50,211,185,235,F,<1,YES,YES,immature,Early developing,"S, M, H",shallow,,,,,-13.88,127.4,8.53,43.84,-16.97,189.63,8.61,47.69,duplicate
CUR_LION19065,CURSH19-15,50-73,15.24,50,211,185,235,F,<1,YES,YES,immature,Early developing,"S, M, H",shallow,-16.3,194.58,8.6,57.7,-13.865,126.77,8.51,43.615,-16.925,189.56,8.62,47.675,average
CUR_LION19066,CURSH19-15,50-73,22.2504,73,130,155,210,M,<1,YES,YES,,immature (virgin),"S, M, H",shallow,-16.19,184.21,8.71,56.32,-13.76,123.27,8.73,42.01,-16.25,182.64,8.11,49.45,duplicate
CUR_LION19066,CURSH19-15,50-73,22.2504,73,130,155,210,M,<1,YES,YES,,immature (virgin),"S, M, H",shallow,-16.23,187.98,8.74,57.37,,,,,,,,,duplicate
CUR_LION19066,CURSH19-15,50-73,22.2504,73,130,155,210,M,<1,YES,YES,,immature (virgin),"S, M, H",shallow,-16.21,186.095,8.725,56.845,-13.76,123.27,8.73,42.01,-16.25,182.64,8.11,49.45,average
CUR_LION19067,CURSH19-15,50-73,19.812,65,175,175,240,F,<1,YES,YES,"immature, previously sexed as M",early developing,"S, M, H",shallow,-16.34,190.48,8.81,58.86,-14.32,120.16,8.36,40.34,-17.13,186.69,8.3,49.2,single
CUR_LION19068,CURASUB19-08,480,146.304,480,645,280,380,M,<1,YES,YES,whole shrimp regurgitated,Spawning capable,"S, M, H",deep,-16.68,185.57,10.59,59.12,-13,114.64,9.78,40.42,-16.76,171.1,10.37,47.74,duplicate
CUR_LION19068,CURASUB19-08,480,146.304,480,645,280,380,M,<1,YES,YES,whole shrimp regurgitated,Spawning capable,"S, M, H",deep,,,,,,,,,-16.58,169.33,10.34,47.59,duplicate
CUR_LION19068,CURASUB19-08,480,146.304,480,645,280,380,M,<1,YES,YES,whole shrimp regurgitated,Spawning capable,"S, M, H",deep,-16.68,185.57,10.59,59.12,-13,114.64,9.78,40.42,-16.67,170.215,10.355,47.665,average
CUR_LION19069,CURASUB19-08,570,173.736,570,368,245,320,F,13,YES,YES,,Spawning capable,"S, M,H",deep,-17.25,189.93,10.65,59.78,-15.07,114.4,9.76,37.12,-17.58,191.31,11.11,47.78,duplicate
CUR_LION19069,CURASUB19-08,570,173.736,570,368,245,320,F,13,YES,YES,,Spawning capable,"S, M,H",deep,-17.21,187.99,10.67,59.11,,,,,,,,,duplicate
CUR_LION19069,CURASUB19-08,570,173.736,570,368,245,320,F,13,YES,YES,,Spawning capable,"S, M,H",deep,-17.23,188.96,10.66,59.445,-15.07,114.4,9.76,37.12,-17.58,191.31,11.11,47.78,average
CUR_LION19070,CURASUB19-08,305,92.964,305,540,280,380,M,<1,YES,YES,inverted stomach from barotrauma,Spawning capable,"S, M, H",deep,-17.82,182.33,9.59,57.22,-14.69,111.36,8.5,38.65,-18.12,182.44,9.03,47.69,duplicate
CUR_LION19070,CURASUB19-08,305,92.964,305,540,280,380,M,<1,YES,YES,inverted stomach from barotrauma,Spawning capable,"S, M, H",deep,-17.97,189.68,9.62,59.3,,,,,,,,,duplicate
CUR_LION19070,CURASUB19-08,305,92.964,305,540,280,380,M,<1,YES,YES,inverted stomach from barotrauma,Spawning capable,"S, M, H",deep,-17.895,186.005,9.605,58.26,-14.69,111.36,8.5,38.65,-18.12,182.44,9.03,47.69,average
CUR_LION19071,CURASUB19-08,285,86.868,285,257,220,285,F,16,YES,YES,whole Paroncheilus affinis regurgitated,Actively Spawning,"S, M, H",deep,-16.87,187.04,9.41,59.28,-14.17,118.37,9.21,40.09,-17.69,185.86,9.43,49.56,duplicate
CUR_LION19071,CURASUB19-08,285,86.868,285,257,220,285,F,16,YES,YES,whole Paroncheilus affinis regurgitated,Actively Spawning,"S, M, H",deep,-16.82,188.37,9.42,59.82,,,,,,,,,duplicate
CUR_LION19071,CURASUB19-08,285,86.868,285,257,220,285,F,16,YES,YES,whole Paroncheilus affinis regurgitated,Actively Spawning,"S, M, H",deep,-16.845,187.705,9.415,59.55,-14.17,118.37,9.21,40.09,-17.69,185.86,9.43,49.56,average
CUR_LION19072,CURASUB19-08,260,79.248,260,682,285,380,M,<1,YES,YES,,Spawning capable,"S, M, H",deep,-17.18,185.92,8.93,59.29,-14.46,116.93,8.28,40.36,-17.71,180.86,8.47,48.14,duplicate
CUR_LION19072,CURASUB19-08,260,79.248,260,682,285,380,M,<1,YES,YES,,Spawning capable,"S, M, H",deep,,,,,,,,,-17.55,178.9,8.51,48,duplicate
CUR_LION19072,CURASUB19-08,260,79.248,260,682,285,380,M,<1,YES,YES,,Spawning capable,"S, M, H",deep,-17.18,185.92,8.93,59.29,-14.46,116.93,8.28,40.36,-17.63,179.88,8.49,48.07,average
CUR_LION19073,CURASUB19-08,280,85.344,280,458,245,330,F,11,YES,YES,,Developing,"S, M, H",deep,-17.18,164.19,9.83,51.59,-14.49,113.04,8.67,38.22,-17.64,177.26,10.26,47.5,duplicate
CUR_LION19073,CURASUB19-08,280,85.344,280,458,245,330,F,11,YES,YES,,Developing,"S, M, H",deep,,,,,-14.45,112.8,8.66,38,,,,,duplicate
CUR_LION19073,CURASUB19-08,280,85.344,280,458,245,330,F,11,YES,YES,,Developing,"S, M, H",deep,-17.18,164.19,9.83,51.59,-14.47,112.92,8.665,38.11,-17.64,177.26,10.26,47.5,average
CUR_LION19074,CURASUB19-08,280,85.344,280,270,220,290,F,8,YES,YES,,Spawning capable,"S, M, H",deep,-17.48,194.28,9.74,61.74,-14.92,113.27,9.07,37.81,-18.16,175.67,9.43,44.25,duplicate
CUR_LION19074,CURASUB19-08,280,85.344,280,270,220,290,F,8,YES,YES,,Spawning capable,"S, M, H",deep,,,,,,,,,-18.13,174.64,9.44,43.88,duplicate
CUR_LION19074,CURASUB19-08,280,85.344,280,270,220,290,F,8,YES,YES,,Spawning capable,"S, M, H",deep,-17.48,194.28,9.74,61.74,-14.92,113.27,9.07,37.81,-18.145,175.155,9.435,44.065,average
CUR_LION19075,CURASUB19-08,280,85.344,280,265,225,290,F,19,YES,YES,,Actively Spawning,"S, M, H",deep,-17.05,192.92,9.9,60.02,-14.29,114.48,8.77,39.04,-18.15,178.1,10.82,48.16,single
CUR_LION19076,CURASUB19-08,285,86.868,285,357,240,315,F,10,YES,YES,,Spawning capable,"S, M, H",deep,-17.37,178.82,9.72,57.11,-14.83,104.76,9.1,35.82,-17.76,175.13,9.47,46.62,duplicate
CUR_LION19076,CURASUB19-08,285,86.868,285,357,240,315,F,10,YES,YES,,Spawning capable,"S, M, H",deep,-17.41,175.47,9.71,56.21,,,,,,,,,duplicate
CUR_LION19076,CURASUB19-08,285,86.868,285,357,240,315,F,10,YES,YES,,Spawning capable,"S, M, H",deep,-17.39,177.145,9.715,56.66,-14.83,104.76,9.1,35.82,-17.76,175.13,9.47,46.62,average
CUR_LION19077,CURASUB19-08,256,78.0288,256,347,205,285,F,14,YES,YES,,Actively Spawning,"S, M, H",deep,-17.48,208.03,9.03,49.73,-13.67,117.68,8.59,39.46,-16.48,180.54,9.14,45.76,duplicate
CUR_LION19077,CURASUB19-08,256,78.0288,256,347,205,285,F,14,YES,YES,,Actively Spawning,"S, M, H",deep,-17.63,211.51,9.02,50.18,,,,,,,,,duplicate
CUR_LION19077,CURASUB19-08,256,78.0288,256,347,205,285,F,14,YES,YES,,Actively Spawning,"S, M, H",deep,-17.555,209.77,9.025,49.955,-13.67,117.68,8.59,39.46,-16.48,180.54,9.14,45.76,average
CUR_LION19078,CURASUB19-08,280,85.344,280,710,295,383,M,<1,YES,YES,,Spawning capable,"S, M, H",deep,-17.08,165.15,9.63,52.47,-14.49,111.22,8.41,38.77,-17.26,179.18,9.43,49.47,duplicate
CUR_LION19078,CURASUB19-08,280,85.344,280,710,295,383,M,<1,YES,YES,,Spawning capable,"S, M, H",deep,,,,,,,,,-17.23,178.1,9.51,49.28,duplicate
CUR_LION19078,CURASUB19-08,280,85.344,280,710,295,383,M,<1,YES,YES,,Spawning capable,"S, M, H",deep,-17.08,165.15,9.63,52.47,-14.49,111.22,8.41,38.77,-17.245,178.64,9.47,49.375,average
CUR_LION19079,,,,,,,,,,,YES,,,,,,,,,,,,,,,,,
CUR_LION19080,,,,,,,,,,,YES,,,,,,,,,,,,,,,,,
CUR_LION19081,,,,,,,,,,,YES,,,,,,,,,,,,,,,,,
CUR_LION19082,,,,,,,,,,,YES,,,,,,,,,,,,,,,,,
CUR_LION19083,,,,,,,,,,,YES,,,,,,,,,,,,,,,,,
CUR_LION19084,,,,,,,,,,,YES,,,,,,,,,,,,,,,,,
CUR_LION19085,,,,,,,,,,,YES,,,,,,,,,,,,,,,,,
CUR_LION19086,,,,,,,,,,,YES,,,,,,,,,,,,,,,,,
CUR_LION19087,,,,,,,,,,,YES,,,,,,,,,,,,,,,,,
CUR_LION19088,,,,,,,,,,,YES,,,,,,,,,,,,,,,,,
CUR_LION19089,,,,,,,,,,,YES,,,,,,,,,,,,,,,,,
CUR_LION19090,,,,,,,,,,,YES,,,,,,,,,,,,,,,,,
CUR_LION19091,,,,,,,,,,,YES,,,,,,,,,,,,,,,,,
CUR_LION19092,,,,,,,,,,,YES,,,,,,,,,,,,,,,,,
CUR_LION19093,,,,,,,,,,,YES,,,,,,,,,,,,,,,,,
CUR_LION19094,,,,,,,,,,,YES,,,,,,,,,,,,,,,,,
CUR_LION19095,,,,,,,,,,,YES,,,,,,,,,,,,,,,,,
CUR_LION19096,,,,,,,,,,,YES,,,,,,,,,,,,,,,,,
CUR_LION19097,,,,,,,,,,,YES,,,,,,,,,,,,,,,,,
CUR_LION19098,,,,,,,,,,,YES,,,,,,,,,,,,,,,,,
CUR_LION19099,,,,,,,,,,,YES,,,,,,,,,,,,,,,,,
CUR_LION19100,,,,,,,,,,,YES,,,,,,,,,,,,,,,,,
CUR_LION19101,,,,,,,,,,,YES,,,,,,,,,,,,,,,,,
CUR_LION19102,,,,,,,,,,,YES,,,,,,,,,,,,,,,,,
CUR_LION19103,,,,,,,,,,,YES,,,,,,,,,,,,,,,,,
CUR_LION19104,,,,,,,,,,,YES,,,,,,,,,,,,,,,,,
CUR_LION19105,,,,,,,,,,,YES,,,,,,,,,,,,,,,,,
CUR_LION19106,,,,,,,,,,,YES,,,,,,,,,,,,,,,,,
CUR_LION19107,,,,,,,,,,,YES,,,,,,,,,,,,,,,,,
CUR_LION19108,,,,,,,,,,,YES,,,,,,,,,,,,,,,,,
CUR_LION19109,,,,,,,,,,,YES,,,,,,,,,,,,,,,,,
CUR_LION19110,,,,,,,,,,,YES,,,,,,,,,,,,,,,,,
CUR_LION19111,,,,,,,,,,,YES,,,,,,,,,,,,,,,,,
CUR_LION19112,,,,,,,,,,,YES,,,,,,,,,,,,,,,,,
CUR_LION19113,,,,,,,,,,,YES,,,,,,,,,,,,,,,,,
CUR_LION19114,,,,,,,,,,,YES,,,,,,,,,,,,,,,,,
CUR_LION19115,,,,,,,,,,,YES,,,,,,,,,,,,,,,,,
CUR_LION19116,,,,,,,,,,,YES,,,,,,,,,,,,,,,,,
CUR_LION19117,,,,,,,,,,,YES,,,,,,,,,,,,,,,,,
CUR_LION19118,,,,,,,,,,,YES,,,,,,,,,,,,,,,,,
CUR_LION19119,,,,,,,,,,,YES,,,,,,,,,,,,,,,,,
CUR_LION19120,,,,,,,,,,,YES,,,,,,,,,,,,,,,,,
CUR_LION19121,,,,,,,,,,,YES,,,,,,,,,,,,,,,,,
CUR_LION19122,,,,,,,,,,,YES,,,,,,,,,,,,,,,,,
CUR_LION19123,,,,,,,,,,,YES,,,,,,,,,,,,,,,,,
CUR_LION19124,,,,,,,,,,,YES,,,,,,,,,,,,,,,,,
CUR_LION19125,,,,,,,,,,,YES,,,,,,,,,,,,,,,,,
CUR_LION19126,,,,,,,,,,,YES,,,,,,,,,,,,,,,,,
CUR_LION19127,,,,,,,,,,,YES,,,,,,,,,,,,,,,,,
CUR_LION19128,,,,,,,,,,,YES,,,,,,,,,,,,,,,,,
CUR_LION19129,,,,,,,,,,,YES,,,,,,,,,,,,,,,,,
CUR_LION19130,,,,,,,,,,,YES,,,,,,,,,,,,,,,,,
CUR_LION19131,,,,,,,,,,,YES,,,,,,,,,,,,,,,,,
CUR_LION19132,,,,,,,,,,,YES,,,,,,,,,,,,,,,,,
CUR_LION19133,,,,,,,,,,,YES,,,,,,,,,,,,,,,,,
CUR_LION19134,,,,,,,,,,,YES,,,,,,,,,,,,,,,,,
CUR_LION19135,,,,,,,,,,,YES,,,,,,,,,,,,,,,,,
CUR_LION19136,,,,,,,,,,,YES,,,,,,,,,,,,,,,,,
CUR_LION19137,,,,,,,,,,,YES,,,,,,,,,,,,,,,,,
CUR_LION19138,,,,,,,,,,,YES,,,,,,,,,,,,,,,,,
CUR_LION19139,,,,,,,,,,,YES,,,,,,,,,,,,,,,,,
CUR_LION19140,,,,,,,,,,,YES,,,,,,,,,,,,,,,,,
CUR_LION19141,,,,,,,,,,,YES,,,,,,,,,,,,,,,,,
CUR_LION19142,,,,,,,,,,,YES,,,,,,,,,,,,,,,,,
CUR_LION19143,,,,,,,,,,,YES,,,,,,,,,,,,,,,,,
CUR_LION19144,,,,,,,,,,,YES,,,,,,,,,,,,,,,,,
CUR_LION19145,,,,,,,,,,,YES,,,,,,,,,,,,,,,,,
CUR_LION19146,,,,,,,,,,,YES,,,,,,,,,,,,,,,,,
CUR_LION19147,,,,,,,,,,,YES,,,,,,,,,,,,,,,,,
CUR_LION19148,,,,,,,,,,,YES,,,,,,,,,,,,,,,,,
CUR_LION19149,,,,,,,,,,,YES,,,,,,,,,,,,,,,,,
CUR_LION19150,,,,,,,,,,,YES,,,,,,,,,,,,,,,,,
CUR_LION19151,,,,,,,,,,,YES,,,,,,,,,,,,,,,,,
CUR_LION19152,,,,,,,,,,,YES,,,,,,,,,,,,,,,,,
CUR_LION19153,,,,,,,,,,,YES,,,,,,,,,,,,,,,,,
CUR_LION19154,,,,,,,,,,,YES,,,,,,,,,,,,,,,,,
CUR_LION19155,,,,,,,,,,,YES,,,,,,,,,,,,,,,,,
CUR_LION19156,,,,,,,,,,,YES,,,,,,,,,,,,,,,,,
CUR_LION19157,,,,,,,,,,,YES,,,,,,,,,,,,,,,,,
CUR_LION19158,,,,,,,,,,,YES,,,,,,,,,,,,,,,,,
CUR_LION19159,,,,,,,,,,,YES,,,,,,,,,,,,,,,,,
CUR_LION19160,,,,,,,,,,,YES,,,,,,,,,,,,,,,,,
CUR_LION19161,,,,,,,,,,,YES,,,,,,,,,,,,,,,,,
CUR_LION19162,,,,,,,,,,,YES,,,,,,,,,,,,,,,,,
CUR_LION19163,,,,,,,,,,,YES,,,,,,,,,,,,,,,,,
CUR_LION19164,,,,,,,,,,,YES,,,,,,,,,,,,,,,,,
CUR_LION19165,,,,,,,,,,,YES,,,,,,,,,,,,,,,,,
CUR_LION19166,,,,,,,,,,,YES,,,,,,,,,,,,,,,,,
CUR_LION19167,,,,,,,,,,,YES,,,,,,,,,,,,,,,,,
CUR_LION19168,,,,,,,,,,,YES,,,,,,,,,,,,,,,,,
CUR_LION19169,,,,,,,,,,,YES,,,,,,,,,,,,,,,,,
CUR_LION19170,,,,,,,,,,,YES,,,,,,,,,,,,,,,,,
CUR_LION19171,,,,,,,,,,,YES,,,,,,,,,,,,,,,,,
CUR_LION19172,,,,,,,,,,,YES,,,,,,,,,,,,,,,,,
CUR_LION19173,,,,,,,,,,,YES,,,,,,,,,,,,,,,,,
CUR_LION19174,,,,,,,,,,,YES,,,,,,,,,,,,,,,,,
CUR_LION19175,,,,,,,,,,,YES,,,,,,,,,,,,,,,,,
CUR_LION19176,,,,,,,,,,,YES,,,,,,,,,,,,,,,,,
CUR_LION19177,,,,,,,,,,,YES,,,,,,,,,,,,,,,,,
CUR_LION19178,,,,,,,,,,,YES,,,,,,,,,,,,,,,,,
CUR_LION19179,,,,,,,,,,,YES,,,,,,,,,,,,,,,,,
CUR_LION19180,,,,,,,,,,,YES,,,,,,,,,,,,,,,,,
CUR_LION19181,,,,,,,,,,,YES,,,,,,,,,,,,,,,,,
CUR_LION19182,,,,,,,,,,,YES,,,,,,,,,,,,,,,,,
CUR_LION19183,,,,,,,,,,,YES,,,,,,,,,,,,,,,,,
CUR_LION19184,,,,,,,,,,,YES,,,,,,,,,,,,,,,,,
CUR_LION19185,,,,,,,,,,,YES,,,,,,,,,,,,,,,,,
CUR_LION19186,,,,,,,,,,,YES,,,,,,,,,,,,,,,,,
CUR_LION19187,,,,,,,,,,,YES,,,,,,,,,,,,,,,,,
CUR_LION19188,,,,,,,,,,,YES,,,,,,,,,,,,,,,,,
CUR_LION19189,,,,,,,,,,,YES,,,,,,,,,,,,,,,,,
CUR_LION19190,,,,,,,,,,,YES,,,,,,,,,,,,,,,,,
CUR_LION19191,,,,,,,,,,,YES,,,,,,,,,,,,,,,,,
CUR_LION19192,,,,,,,,,,,YES,,,,,,,,,,,,,,,,,
CUR_LION19193,,,,,,,,,,,YES,,,,,,,,,,,,,,,,,
CUR_LION19194,,,,,,,,,,,YES,,,,,,,,,,,,,,,,,